text	label
Katten ligger på mattan. Den sover gott.	A1
Barnet äter en smörgås och dricker mjölk.	A1
Solen skiner över huset. Vi går ut.	A1
Lisa cyklar till skolan varje morgon.	A1
Hunden springer snabbt över gården.	A1
Mamma läser en bok för sitt barn.	A1
Vi bakar bröd och dukar bordet.	A1
Pojken hittar sin mössa i hallen.	A1
Flickan ritar en blomma med röd penna.	A1
Det regnar ute men vi är torra inne.	A1
Jag går till affären och köper äpplen.	A1
Min vän kommer hem till mig efter skolan.	A1
Fågeln sitter i trädet och sjunger.	A1
Vi spelar kort vid köksbordet.	A1
Farfar berättar en rolig historia.	A1
Jag heter Anna och bor i Malmö.	A1
Du har en röd väska.	A1
Vi dricker vatten efter maten.	A1
Han sitter på en stol.	A1
Hon har två systrar.	A1
Boken ligger på bordet.	A1
Jag vill ha kaffe.	A1
De går till skolan.	A1
Det är kallt idag.	A1
Min katt är svart.	A1
Vi bor i ett litet hus.	A1
Hon köper mjölk i butiken.	A1
Jag sover på natten.	A1
Barnen äter glass.	A1
Han öppnar fönstret.	A1
Klockan är åtta och bussen kommer snart.	A2
Barnen leker i parken hela eftermiddagen.	A2
Hon tvättar händerna före maten.	A2
Vi ser en film och äter popcorn.	A2
Pappa lagar soppa i köket.	A2
Skorna står under stolen i hallen.	A2
Jag skriver mitt namn på pappret.	A2
Det lilla huset har en blå dörr.	A2
Vi går hem när det blir mörkt.	A2
Min syster sjunger en enkel sång.	A2
Barnet öppnar paketet och ler.	A2
De planterar blommor i trädgården.	A2
Katten hoppar upp på stolen.	A2
Vi äter frukost klockan sju.	A2
Läraren frågar och eleven svarar.	A2
Jag brukar handla mat på lördagar.	A2
Efter jobbet lagar hon middag hemma.	A2
Vi väntar på bussen vid stationen.	A2
Min bror spelar fotboll med sina vänner.	A2
Hon berättar om sin resa till Göteborg.	A2
Jag måste lämna tillbaka boken i morgon.	A2
De städar lägenheten innan gästerna kommer.	A2
Vi går ofta till biblioteket efter skolan.	A2
Han ringer sin mamma varje söndag.	A2
Det finns många träd bakom huset.	A2
Jag behöver köpa nya skor till vintern.	A2
Hon skriver ett kort brev till sin lärare.	A2
Vi äter lunch tillsammans i matsalen.	A2
Barnet frågar varför tåget är sent.	A2
Familjen åker till landet under helgen.	A2
Kommunen bygger en ny lekplats nära biblioteket.	B1
Skolan inför nya rutiner för att minska stressen bland eleverna.	B1
Företaget öppnar en butik i centrum nästa månad.	B1
Rapporten visar att många unga vill resa mer med tåg.	B1
Museet ordnar guidade visningar under hela sommaren.	B1
Vårdcentralen erbjuder fler tider för patienter med akuta besvär.	B1
Biblioteket startar en kurs för personer som vill lära sig svenska.	B1
Polisen uppmanar trafikanter att köra långsamt vid skolor.	B1
Regionen planerar att köpa in fler elbussar till landsbygden.	B1
Många hushåll försöker spara el när priserna stiger.	B1
Föreningen samlar in pengar till en ny idrottshall.	B1
Lärarna diskuterar hur undervisningen kan bli mer varierad.	B1
Restaurangen byter meny för att använda fler lokala råvaror.	B1
En undersökning visar att fler läser nyheter i mobilen.	B1
Staden vill göra torget tryggare på kvällarna.	B1
Många elever använder datorer när de gör sina läxor.	B1
Kommunen vill förbättra cykelvägarna mellan olika bostadsområden.	B1
Föräldrar kan anmäla sina barn till simskolan via webben.	B1
Läkaren förklarade varför patienten behövde vila några dagar.	B1
Biblioteket lånar ut språkböcker till nya invånare i kommunen.	B1
En ny undersökning visar att fler vill arbeta hemifrån ibland.	B1
Skolans personal diskuterar hur rasterna kan bli lugnare.	B1
Föreningen ordnar aktiviteter för ungdomar under höstlovet.	B1
Många resenärer tycker att biljettsystemet är svårt att förstå.	B1
Butiken erbjuder rabatt till kunder som handlar före fredag.	B1
Läraren gav tydliga instruktioner innan grupparbetet började.	B1
Flera familjer flyttar till området eftersom hyrorna är lägre.	B1
Kaféet söker personal som kan arbeta extra på helgerna.	B1
Eleverna fick läsa en artikel och svara på frågor.	B1
Kommunen informerar boende om arbetet med den nya vägen.	B1
Kunden kontaktade supporten när betalningen inte fungerade.	B2
Resenärer får längre väntetid under arbetet med järnvägen.	B2
Universitetet erbjuder öppna föreläsningar för allmänheten.	B2
Föräldrarna fick information om skolans nya schema.	B2
Kommunens budget påverkas av ökade kostnader för omsorg.	B2
Väderprognosen visar risk för hårda vindar längs kusten.	B2
Butiken återkallar en vara efter klagomål från kunder.	B2
Forskare undersöker hur barn använder digitala verktyg i skolan.	B2
Arbetsgivaren vill förbättra miljön på kontoret.	B2
Mötet avslutades med ett beslut om fortsatt planering.	B2
Kursen passar personer som redan har grundläggande kunskaper.	B2
Tjänsten gör det lättare att boka tid hos kommunen.	B2
Flera boende önskar bättre belysning vid busshållplatsen.	B2
Projektet ska utvärderas innan nästa etapp börjar.	B2
Eleverna får återkoppling efter varje större uppgift.	B2
Organisationen vill stärka samarbetet mellan skolor och lokala företag.	B2
Rapporten beskriver hur digitala tjänster påverkar äldre personers vardag.	B2
Förslaget innebär att fler invånare kan delta i planeringen.	B2
Arbetsgruppen jämförde olika lösningar innan den lämnade sin rekommendation.	B2
Kommunen behöver prioritera resurser när flera projekt konkurrerar om pengar.	B2
Utbildningen riktar sig till personer som vill utveckla sin yrkeskompetens.	B2
Företaget undersöker varför kunderna väljer att avsluta sina abonnemang.	B2
Analysen visar att resultatet påverkas av både ålder och utbildningsnivå.	B2
Projektledaren betonade vikten av tydlig kommunikation mellan alla deltagare.	B2
Flera organisationer samarbetar för att minska ensamhet bland äldre.	B2
Studien jämför elevers läsvanor före och efter införandet av surfplattor.	B2
Beslutet kan få ekonomiska konsekvenser för mindre föreningar i området.	B2
Myndigheten publicerar rekommendationer för hur skolor bör hantera frånvaro.	B2
Kommunen måste väga miljönytta mot kostnader när nya busslinjer planeras.	B2
Resultaten används för att förbättra stödet till personer som söker arbete.	B2
Förvaltningsmyndighetens samlade bedömning grundas på kompletterande handlingar och tidigare beslutspraxis.	C1
Implementeringen av reformen förutsätter omfattande samordning mellan regionala aktörer och statliga beslutsnivåer.	C1
Utredningen analyserar konsekvenserna av föreslagna regeländringar för kommunernas långsiktiga finansieringsansvar.	C1
Den rättsliga prövningen aktualiserar frågor om proportionalitet och administrativt tolkningsutrymme.	C1
Specialiserad terminologi kan försvåra läsarens begreppsliga förståelse av centrala resonemang.	C1
Myndigheten efterfrågar en fördjupad konsekvensanalys innan föreskrifterna kan fastställas.	C1
Avtalsvillkorens tillämpning påverkas av såväl nationell lagstiftning som unionsrättsliga principer.	C1
Resultaten indikerar statistiskt signifikanta skillnader mellan undersökningsgruppernas svarsmönster.	C1
Projektets genomförbarhet begränsas av resursfördelningens institutionella och organisatoriska förutsättningar.	C1
Remissinstanserna framhåller behovet av tydligare ansvarsfördelning och uppföljningsbara kvalitetskriterier.	C1
Förslaget innebär en successiv omstrukturering av verksamhetens administrativa beslutsprocesser.	C1
Analysen omfattar både kvantitativa indikatorer och kvalitativa bedömningar av genomförandekapacitet.	C1
Den preliminära slutsatsen bör tolkas mot bakgrund av materialets metodologiska begränsningar.	C1
Ersättningsmodellen riskerar att skapa incitament som motverkar likvärdig tillgång till samhällsservice.	C1
Dokumentationen visar betydande variation i hur riktlinjerna operationaliseras inom olika verksamhetsområden.	C1
Utvärderingen belyser hur styrmodellen påverkar ansvarsfördelningen mellan huvudmännen.	C1
Rapporten diskuterar möjliga målkonflikter mellan effektivitet och rättssäker handläggning.	C1
Reformen kräver långsiktig finansiering och tydliga mekanismer för systematisk uppföljning.	C1
Analysen pekar på behovet av mer enhetliga definitioner inom statistikinsamlingen.	C1
Beslutsfattarna måste beakta både direkta kostnader och indirekta samhällseffekter.	C1
Forskarna problematiserar hur urvalet kan ha påverkat studiens generaliserbarhet.	C1
Myndighetens rekommendationer bygger på en sammanvägning av flera osäkra indikatorer.	C1
Genomförandet försvåras av otydliga mandat och begränsad administrativ kapacitet.	C1
De föreslagna åtgärderna förutsätter kontinuerlig dialog med berörda intressenter.	C1
Materialet ger stöd för en försiktig tolkning av de observerade förändringarna.	C1
Strategin syftar till att stärka verksamhetens kvalitet genom systematiskt lärande.	C1
Utredaren föreslår att tillsynen kompletteras med mer förebyggande stödinsatser.	C1
Granskningen visar att dokumentationskraven uppfattas olika av berörda aktörer.	C1
Den organisatoriska förändringen måste förankras innan nya rutiner införs brett.	C1
Remissvaren visar en påtaglig splittring i synen på ansvar och finansiering.	C1
Kommittén föreslår ett normgivningsbemyndigande som möjliggör löpande justeringar av föreskriftsnivån.	C2
Upphandlingsförfarandet måste säkerställa transparens och konkurrensneutralitet under hela anbudsprocessen.	C2
Bedömningen förutsätter en avvägning mellan integritetsskydd och effektiv informationshantering.	C2
Forskningsöversikten problematiserar sambandet mellan socioekonomiska faktorer och utbildningsrelaterade resultat.	C2
Den föreslagna modellen kräver kontinuerlig uppföljning av indikatorer på organisatorisk måluppfyllelse.	C2
Beslutsunderlaget kompletteras med scenarier för alternativa finansieringsformer och riskfördelningsprinciper.	C2
Tillämpningen av bestämmelserna kompliceras av övergångsregler och sektorsspecifika undantagsmöjligheter.	C2
Rapporten identifierar strukturella hinder för samverkan mellan myndigheter med överlappande uppdrag.	C2
Författningskommentaren preciserar hur begreppet väsentlig påverkan bör förstås i rättstillämpningen.	C2
Systemets interoperabilitet är avgörande för en ändamålsenlig och rättssäker digital ärendehantering.	C2
Utvärderingen visar att styrningens effekter varierar beroende på lokala implementeringsförutsättningar.	C2
Det empiriska materialet ger begränsat stöd för antagandet om generella effektiviseringsvinster.	C2
Rekommendationen grundas på en sammanvägd bedömning av kostnadseffektivitet och samhällsekonomisk nytta.	C2
Förslaget aktualiserar principiella frågor om demokratisk legitimitet och delegerad normgivningskompetens.	C2
Åtgärdens proportionalitet måste prövas i relation till de dokumenterade behoven och alternativa handlingsvägar.	C2
Den normativa analysen förutsätter en distinktion mellan formell kompetens och faktisk beslutskapacitet.	C2
Styrningens legitimitet kan ifrågasättas när implementeringsansvaret förskjuts utan motsvarande resurstillskott.	C2
Utredningsmaterialets evidensvärde begränsas av selektionsbias och ofullständig longitudinell uppföljning.	C2
Regelverkets ändamålsenlighet bör bedömas i ljuset av dess institutionella tillämpningskontext.	C2
Den föreslagna regleringen aktualiserar komplexa avvägningar mellan transparens, integritet och operativ effektivitet.	C2
Analysen problematiserar hur ansvar kan utkrävas i flernivåsystem med överlappande mandat.	C2
Begreppets rättsliga innebörd måste preciseras för att minska risken för divergerande praxis.	C2
En alltför snäv indikatorstyrning kan leda till undanträngningseffekter och strategisk målförskjutning.	C2
Förslaget saknar en tillräckligt robust analys av administrativa tröskelkostnader.	C2
Åtgärdspaketets samhällsekonomiska rationalitet beror på antaganden om långsiktig beteendeförändring.	C2
Bedömningen kräver en systematisk prövning av alternativa regleringstekniska konstruktioner.	C2
Den konstitutionella dimensionen aktualiseras genom delegeringen av normgivningsmakt till förvaltningsnivån.	C2
Metodvalet påverkar möjligheten att särskilja kausala effekter från samtidiga strukturförändringar.	C2
Rapportens slutsatser bör relateras till tidigare forskning om institutionell tröghet och policyimplementering.	C2
En rättssäker digital förvaltning förutsätter interoperabla system och tydligt definierade ansvarskedjor.	C2
Jag äter ris med fisk.	A1
Hon har en gul jacka.	A1
Vi ser en stor bil.	A1
Du läser en kort bok.	A1
Han dricker te på morgonen.	A1
Min penna är blå.	A1
Klockan är fem.	A1
Jag bor nära skolan.	A1
De har en liten hund.	A1
Hon går hem nu.	A1
Vi öppnar dörren.	A1
Pojken äter ett äpple.	A1
Flickan har en ny cykel.	A1
Jag hör musik.	A1
Det är varmt i rummet.	A1
Han tar på sig skorna.	A1
Vi sitter i soffan.	A1
Hon skriver ett ord.	A1
Min mamma är hemma.	A1
Jag köper en banan.	A1
Barnet ser en boll.	A1
Vi går över gatan.	A1
Han läser en tidning.	A1
Hon lagar mat.	A1
Det står en kopp på bordet.	A1
Jag tvättar min tröja.	A1
Min vän heter Erik.	A1
Vi har tre stolar.	A1
Hon bor i en lägenhet.	A1
Jag vill sova.	A1
De sjunger en sång.	A1
Bussen stannar här.	A1
Jag har en fråga.	A1
Hon tar ett glas vatten.	A1
Vi går till stranden.	A1
Han spelar med bollen.	A1
Det finns ost i kylen.	A1
Jag lägger boken i väskan.	A1
Hon är glad idag.	A1
Vi väntar på pappa.	A1
Barnen sitter på golvet.	A1
Jag har en röd mössa.	A1
Han tittar på klockan.	A1
Hon köper bröd.	A1
Vi äter middag hemma.	A1
Det är mörkt ute.	A1
Jag öppnar min väska.	A1
De bor på landet.	A1
Hon läser för barnet.	A1
Vi ser ett högt träd.	A1
Han går långsamt.	A1
Jag tar bussen hem.	A1
Katten äter sin mat.	A1
Hon har en liten bror.	A1
Vi går in i huset.	A1
Jag läser en sida.	A1
Barnet håller en nalle.	A1
Det är tisdag idag.	A1
Hon hittar sina nycklar.	A1
Vi dricker saft.	A1
Han bor med sin familj.	A1
Jag ser månen.	A1
Hon ritar ett hus.	A1
Vi är i klassrummet.	A1
Pojken springer till dörren.	A1
Jag köper en biljett.	A1
Hon äter en kaka.	A1
Det ligger snö på marken.	A1
Vi säger hej.	A1
Han har en svart jacka.	A1
I går gick jag till biblioteket och lånade två böcker.	A2
Hon brukar laga middag när hon kommer hem från jobbet.	A2
Vi ska träffa våra kompisar vid stationen klockan sex.	A2
Min granne hjälper mig att bära tunga kassar.	A2
Jag tycker om att promenera när vädret är fint.	A2
Barnen måste ta med gympakläder till skolan i morgon.	A2
Han frågade om vägen till närmaste apotek.	A2
Hon köpte en present till sin syster.	A2
Vi stannade hemma eftersom det regnade hela dagen.	A2
Jag behöver ringa tandläkaren och boka en tid.	A2
De tittade på en film innan de gick och lade sig.	A2
Min pappa arbetar på ett sjukhus i centrum.	A2
Hon läser ofta svenska tidningar på nätet.	A2
Vi lagade pasta och bjöd våra vänner på middag.	A2
Jag förstod inte frågan och bad läraren förklara igen.	A2
Familjen flyttade till en större lägenhet förra året.	A2
Han tog tåget till Uppsala tidigt på morgonen.	A2
Hon sparar pengar för att kunna köpa en ny dator.	A2
Vi måste städa köket innan gästerna kommer.	A2
Barnet berättade vad som hände på rasten.	A2
Jag försöker läsa lite svenska varje kväll.	A2
De gick vilse men hittade tillbaka efter en stund.	A2
Hon beställde kaffe och en smörgås på kaféet.	A2
Vi hälsade på mormor under helgen.	A2
Jag glömde min mobil hemma i morse.	A2
Han tränar fotboll två gånger i veckan.	A2
Hon skrev ett mejl till sin chef.	A2
Vi väntade länge på läkaren i väntrummet.	A2
Min vän berättade om sin nya skola.	A2
Jag vill lära mig fler ord på svenska.	A2
De köpte biljetter till konserten på lördag.	A2
Hon gick till affären för att köpa frukt.	A2
Vi åkte buss till stranden efter lunch.	A2
Jag måste lämna in uppgiften före fredag.	A2
Han ringde och sa att han skulle bli sen.	A2
Barnen målade bilder och satte dem på väggen.	A2
Hon frågade om jag ville följa med.	A2
Vi hittade ett bord nära fönstret.	A2
Jag brukar dricka kaffe efter frukost.	A2
De besökte ett museum när de var i Stockholm.	A2
Hon lärde sig cykla när hon var sex år.	A2
Vi gick hem tillsammans efter filmen.	A2
Jag behöver köpa en varm jacka till vintern.	A2
Han lämnade tillbaka nyckeln till receptionen.	A2
Hon tog fram kartan och visade vägen.	A2
Vi åt lunch i matsalen klockan tolv.	A2
Jag frågade grannen om hon behövde hjälp.	A2
Barnet tappade sin vante på bussen.	A2
Hon öppnade fönstret eftersom rummet var varmt.	A2
Vi planerar att resa till Malmö i sommar.	A2
Jag hittade ett gammalt foto i lådan.	A2
Han väntade utanför skolan på sin dotter.	A2
Hon tycker att svenska är svårt men roligt.	A2
Vi köpte blommor till farmors födelsedag.	A2
Jag ska tvätta kläder efter middagen.	A2
De gick ut för att köpa glass.	A2
Hon satte sig bredvid mig på tåget.	A2
Vi behöver mer mjölk till pannkakorna.	A2
Jag skickade ett kort med posten.	A2
Han frågade när nästa buss skulle komma.	A2
Hon bar en blå klänning på festen.	A2
Vi såg många fåglar vid sjön.	A2
Jag skrev upp adressen i min kalender.	A2
De lagade cykeln tillsammans i garaget.	A2
Hon lämnade barnen på förskolan före jobbet.	A2
Vi tog med mat till utflykten.	A2
Jag måste gå hem innan det blir mörkt.	A2
Han berättade att mötet började senare.	A2
Hon glömde köpa bröd på vägen hem.	A2
Vi pratade om vädret medan vi väntade.	A2
Kommunen öppnar en ny vårdcentral i området nästa höst.	B1
Många elever tycker att läxor blir lättare när de får tydliga exempel.	B1
Företaget vill anställa fler personer med erfarenhet av kundservice.	B1
En lokal förening ordnar språkcafé för nya invånare varje onsdag.	B1
Polisen informerar om hur man kan skydda sin cykel mot stöld.	B1
Skolan planerar fler aktiviteter för att eleverna ska röra sig mer.	B1
Biblioteket erbjuder hjälp till personer som vill söka jobb på nätet.	B1
Regionen undersöker varför väntetiderna på vissa mottagningar har ökat.	B1
Läraren förklarade uppgiften och gav eleverna tid att ställa frågor.	B1
Butiken förlänger öppettiderna eftersom många kunder handlar efter arbetet.	B1
Många familjer väljer tåget när resan inte tar för lång tid.	B1
Museet visar gamla fotografier från stadens utveckling under hundra år.	B1
Kommunen vill göra centrum mer tillgängligt för personer med funktionsnedsättning.	B1
Skolans nya matsedel innehåller fler vegetariska rätter än tidigare.	B1
Föreningen söker frivilliga som kan hjälpa till under festivalen.	B1
En enkät visar att många boende saknar trygg belysning vid gångvägarna.	B1
Företaget testar en ny app som ska göra bokningar enklare.	B1
Vårdcentralen skickar påminnelser till patienter som har bokade besök.	B1
Studenterna får möjlighet att praktisera på lokala arbetsplatser.	B1
Kommunen samlar in synpunkter innan den bygger om torget.	B1
Lärarna använder korta filmer för att förklara svåra moment.	B1
Trafiken påverkas när bron repareras under sommaren.	B1
Många pensionärer deltar i kursen för att lära sig använda mobilen.	B1
Restaurangen vill minska matsvinnet genom att planera inköpen bättre.	B1
Arbetsförmedlingen bjuder in arbetsgivare till en lokal mässa.	B1
Eleverna diskuterar nyheter och skriver egna frågor till texten.	B1
Kommunen erbjuder gratis rådgivning till personer som vill starta företag.	B1
Flera boende klagar på buller från bygget tidigt på morgonen.	B1
Skolan skickar information till vårdnadshavare via en digital tjänst.	B1
Projektet ska ge ungdomar fler mötesplatser på kvällar och helger.	B1
Kunden fick ersättning när varan visade sig vara trasig.	B1
Många tycker att det är svårt att förstå reglerna för parkering.	B1
Biblioteket ordnar sagostunder för barn och samtalsgrupper för vuxna.	B1
Kommunen vill att fler invånare ska cykla till arbetet.	B1
En ny rapport beskriver hur elevernas läsvanor har förändrats.	B1
Företaget erbjuder utbildning för personal som möter kunder varje dag.	B1
Vädret gjorde att flera matcher fick flyttas till en annan dag.	B1
Läkaren gav råd om vila, mat och lätt motion.	B1
Flera skolor samarbetar för att förbättra undervisningen i svenska.	B1
Kommunens webbplats gör det möjligt att följa sitt ärende.	B1
Många resenärer vill ha tydligare information när tågen är sena.	B1
Föreningen samlar in kläder till familjer som behöver stöd.	B1
Skolbiblioteket köper in fler böcker på lätt svenska.	B1
Butiken ändrar sin returpolicy efter många frågor från kunder.	B1
Kommunen ordnar ett möte där invånare kan diskutera trafikfrågor.	B1
Ungdomarna fick prova olika idrotter under lovets aktivitetsdagar.	B1
Rapporten visar att fler hushåll sorterar sitt matavfall.	B1
Många elever säger att grupparbete hjälper dem att förstå ämnet.	B1
Arbetsgivaren vill skapa fler möjligheter till kompetensutveckling.	B1
Kulturhuset erbjuder konserter, föreläsningar och kurser för allmänheten.	B1
Kommunen uppmanar invånare att spara vatten under torra perioder.	B1
Företaget svarade på kritiken och lovade bättre information.	B1
Skolan testar ett nytt schema för att minska stressen.	B1
Mötet handlade om hur parken kan bli tryggare.	B1
Vårdpersonalen får utbildning i att använda det nya journalsystemet.	B1
Fler elever väljer yrkesprogram eftersom de vill arbeta direkt efter skolan.	B1
Biblioteket samarbetar med skolor för att öka barns läsning.	B1
Kommunen undersöker om fler bussturer behövs på kvällarna.	B1
Företaget vill göra sin kundtjänst snabbare och mer tillgänglig.	B1
Rapporten används som underlag för nästa års budgetarbete.	B1
Eleverna fick jämföra två artiklar och diskutera skillnaderna.	B1
Föreningen planerar en utflykt för äldre personer i området.	B1
Kommunen publicerar statistik om bostäder, skolor och kollektivtrafik.	B1
Många föräldrar vill ha mer information om skolans digitala verktyg.	B1
Arbetet med vägen gör att flera busshållplatser flyttas tillfälligt.	B1
Restaurangen inför ett system där gäster kan beställa via mobilen.	B1
Skolans personal diskuterar hur elevernas trygghet kan stärkas.	B1
Kursdeltagarna övar på att skriva mejl och fylla i blanketter.	B1
Kommunen vill skapa fler gröna ytor nära bostadsområden.	B1
Utbildningen ska stärka deltagarnas förmåga att analysera samhällsfrågor.	B2
Rapporten jämför olika metoder för att minska energiförbrukningen i offentliga lokaler.	B2
Kommunen behöver ta hänsyn till både kostnader och invånarnas behov.	B2
Forskare undersöker hur digital undervisning påverkar elevers motivation och resultat.	B2
Projektgruppen föreslår åtgärder som kan förbättra samarbetet mellan verksamheterna.	B2
Beslutet grundas på en bedömning av risker, resurser och långsiktiga effekter.	B2
Organisationen vill utveckla tydligare rutiner för uppföljning och ansvar.	B2
Studien visar att språkligt stöd kan påverka elevernas självförtroende.	B2
Kommunens plan väcker frågor om hur olika intressen ska prioriteras.	B2
Arbetsgivaren analyserar varför personalomsättningen har ökat under året.	B2
Flera aktörer betonar vikten av samordning när nya insatser införs.	B2
Resultaten bör tolkas försiktigt eftersom underlaget är relativt begränsat.	B2
Utredningen visar att bristen på lokaler påverkar verksamhetens kvalitet.	B2
Förslaget kan förbättra tillgängligheten men kräver omfattande investeringar.	B2
Myndigheten rekommenderar att skolor dokumenterar arbetet mer systematiskt.	B2
Kommunen ska utvärdera projektets effekter innan beslut om fortsättning fattas.	B2
Analysen visar tydliga skillnader mellan grupper med olika utbildningsbakgrund.	B2
Företaget vill anpassa sina tjänster efter kundernas förändrade beteenden.	B2
Rapporten beskriver hur ökade kostnader påverkar mindre organisationers handlingsutrymme.	B2
Arbetsgruppen identifierade flera hinder för ett effektivt informationsutbyte.	B2
Kommunen behöver stärka dialogen med boende innan planen genomförs.	B2
Utbildningen kombinerar teoretiska moment med praktiska övningar och handledning.	B2
Forskningen pekar på att tidiga stödinsatser kan ge bättre resultat.	B2
Beslutsfattarna måste väga miljöeffekter mot ekonomiska begränsningar.	B2
Projektet har potential att öka delaktigheten bland grupper som sällan deltar.	B2
Organisationens interna kommunikation påverkar hur snabbt nya arbetssätt etableras.	B2
Studien analyserar sambandet mellan läsvanor och resultat på nationella prov.	B2
Kommunen föreslår en modell där resurser fördelas efter lokala behov.	B2
Rapporten lyfter fram både möjligheter och risker med automatiserade beslut.	B2
Flera intervjuer visar att personalen efterfrågar mer praktiskt stöd.	B2
Det nya systemet kräver utbildning för att användas på ett säkert sätt.	B2
Förslaget innebär att ansvarsfördelningen mellan aktörerna blir tydligare.	B2
Analysen bygger på statistik, intervjuer och tidigare forskning inom området.	B2
Kommunen planerar att följa upp reformen genom återkommande enkäter.	B2
Resultaten visar att elevernas förkunskaper påverkar hur de klarar uppgiften.	B2
Organisationen behöver skapa rutiner som fungerar även vid hög arbetsbelastning.	B2
Företaget utvecklar en strategi för att möta ökande krav på hållbarhet.	B2
Studien visar att tydlig återkoppling kan stärka studenternas lärande.	B2
Kommunen måste hantera konflikter mellan bostadsbyggande och naturvärden.	B2
Rapporten föreslår konkreta åtgärder för att minska administrativa flaskhalsar.	B2
Myndigheten vill öka rättssäkerheten genom mer enhetliga bedömningsgrunder.	B2
Projektets mål är att förbättra samverkan mellan skola, vård och socialtjänst.	B2
Utredningen beskriver hur olika finansieringsmodeller påverkar verksamhetens stabilitet.	B2
Kommunens beslut kritiseras eftersom konsekvenserna inte anses tillräckligt utredda.	B2
Forskare diskuterar hur språkliga normer påverkar elevers skrivutveckling.	B2
Organisationen behöver prioritera insatser som ger störst effekt för målgruppen.	B2
Rapporten visar att digitala lösningar kan minska väntetider men kräver stöd.	B2
Arbetsgruppen rekommenderar en stegvis införandeplan för att minska riskerna.	B2
Kommunen vill förbättra tillgången till kulturaktiviteter i mindre orter.	B2
Studien undersöker hur elever tolkar instruktioner i olika ämnen.	B2
Beslutet bör följas upp med tydliga mål och mätbara indikatorer.	B2
Flera deltagare beskriver att informationen kom för sent i processen.	B2
Organisationen ser behov av bättre samordning mellan centrala och lokala funktioner.	B2
Rapporten analyserar hur förändrade resvanor påverkar planeringen av kollektivtrafiken.	B2
Kommunen behöver utveckla stöd för invånare som saknar digital vana.	B2
Utbildningen ger deltagarna verktyg för att tolka och värdera information.	B2
Projektet visar hur lokala initiativ kan bidra till bredare samhällsmål.	B2
Myndigheten föreslår att uppföljningen kopplas tydligare till verksamhetens resultat.	B2
Studien pekar på vikten av tillit mellan professionella och brukare.	B2
Kommunen planerar nya insatser för att minska skillnader mellan skolor.	B2
Reformen förutsätter att ansvariga aktörer utvecklar gemensamma kriterier för uppföljning.	C1
Analysen visar hur institutionella strukturer påverkar möjligheten att genomföra förändringar.	C1
Myndigheten betonar behovet av transparenta processer och tydlig dokumentation.	C1
Rapporten problematiserar sambandet mellan ekonomiska incitament och verksamhetens kvalitet.	C1
Utredningen pekar på att nuvarande styrning skapar oönskade administrativa konsekvenser.	C1
Förslaget bygger på en avvägning mellan effektivitet, likvärdighet och lokal handlingsfrihet.	C1
Implementeringen kräver att ledningen etablerar hållbara former för intern samverkan.	C1
Studien identifierar flera faktorer som begränsar resultatens överförbarhet till andra kontexter.	C1
Beslutet bör förstås mot bakgrund av tidigare reformer och förändrade demografiska villkor.	C1
Organisationens styrmodell behöver anpassas till komplexiteten i uppdragets genomförande.	C1
Rapporten framhåller att systematisk uppföljning är avgörande för långsiktigt lärande.	C1
Myndigheten analyserar hur olika tolkningar av regelverket påverkar handläggningens kvalitet.	C1
Utredaren föreslår en modell där ansvar och finansiering kopplas tydligare samman.	C1
Materialet visar att lokala förutsättningar har stor betydelse för reformens effekter.	C1
Den föreslagna strategin kräver kontinuerlig kompetensutveckling inom berörda verksamheter.	C1
Rapporten belyser målkonflikter mellan kostnadskontroll och individanpassade insatser.	C1
Analysen bygger på en kombination av intervjuer, dokumentstudier och statistiska indikatorer.	C1
Beslutsunderlaget kompletteras med riskbedömningar och scenarier för alternativa utvecklingsvägar.	C1
Organisationen behöver tydligare mekanismer för att hantera avvikelser och återföra erfarenheter.	C1
Utredningen visar att begreppslig otydlighet försvårar jämförelser mellan verksamhetsområden.	C1
Styrningen bör utformas så att den stödjer professionellt omdöme snarare än ersätter det.	C1
Rapportens slutsatser påverkas av urvalets sammansättning och materialets tidsmässiga begränsningar.	C1
Myndigheten efterlyser mer enhetliga rutiner för kvalitetsgranskning och dokumenterad återkoppling.	C1
Reformen riskerar att förstärka befintliga skillnader om resurstilldelningen inte justeras.	C1
Analysen visar att samverkan kräver både formella strukturer och informella kontaktvägar.	C1
Utredningen behandlar hur digitalisering förändrar relationen mellan medborgare och förvaltning.	C1
Rapporten diskuterar etiska aspekter av automatiserat beslutsstöd inom offentlig verksamhet.	C1
Beslutet förutsätter en noggrann bedömning av proportionalitet och rättssäkerhet.	C1
Organisationen måste skapa indikatorer som fångar både processkvalitet och faktiska resultat.	C1
Studien visar att implementeringsgraden varierar beroende på ledarskap och organisatorisk mognad.	C1
Förslaget innebär en omfördelning av ansvar som kräver tydlig förankring hos berörda parter.	C1
Rapporten beskriver hur målens utformning påverkar vilka resultat som prioriteras.	C1
Myndigheten konstaterar att tidigare uppföljning inte gett tillräckligt jämförbara data.	C1
Analysen uppmärksammar risken för att administrativa krav tränger undan kärnverksamhet.	C1
Rekommendationen bygger på en samlad bedömning av nytta, genomförbarhet och kostnader.	C1
Utredningen visar att kompetensförsörjning är en central förutsättning för reformens hållbarhet.	C1
Rapporten framhåller vikten av återkommande dialog mellan beslutsfattare och verksamhetsnära personal.	C1
Den föreslagna modellen kräver tydligare ansvarskedjor och mer konsekvent informationshantering.	C1
Analysen skiljer mellan kortsiktiga effekter och långsiktiga strukturella förändringar.	C1
Myndigheten behöver utveckla former för att följa upp kvalitet utan överdriven detaljstyrning.	C1
Beslutsprocessen bör dokumenteras så att centrala avvägningar kan granskas i efterhand.	C1
Rapporten visar att målgruppens behov ofta definieras olika av olika aktörer.	C1
Utredningen föreslår att styrningen kompletteras med lärandeorienterade uppföljningsformer.	C1
Organisationens kapacitet att hantera förändring påverkas av tidigare erfarenheter och resursläge.	C1
Analysen identifierar flera beroenden mellan finansieringsmodell, ansvarsfördelning och kvalitetskrav.	C1
Rapporten diskuterar hur policyidéer omvandlas när de möter lokal praktik.	C1
Förslaget kräver att verksamheterna utvecklar gemensamma definitioner av centrala begrepp.	C1
Myndigheten bedömer att införandet bör ske stegvis för att minska implementeringsrisker.	C1
Utredningen visar att befintliga data inte fullt ut speglar målgruppens sammansättning.	C1
Reformen kan skapa positiva effekter om uppföljningen kopplas till konkret verksamhetsutveckling.	C1
Rapporten understryker att legitimitet förutsätter delaktighet från de aktörer som påverkas.	C1
Analysen visar att juridiska krav och praktiska arbetsprocesser ibland drar åt olika håll.	C1
Organisationen behöver stärka sin analytiska kapacitet för att tolka uppföljningsresultat.	C1
Utredaren menar att långsiktig stabilitet kräver både politiskt stöd och administrativ tydlighet.	C1
Förslaget innebär att tillsynen får en mer förebyggande och kunskapsbaserad funktion.	C1
Rapporten jämför olika modeller för ansvarsfördelning och diskuterar deras konsekvenser.	C1
Myndigheten betonar att styrningen måste kunna anpassas när förutsättningarna förändras.	C1
Analysen visar att bristande samordning kan skapa dubbelarbete och otydliga beslutsvägar.	C1
Utredningen rekommenderar att indikatorerna kompletteras med kvalitativa bedömningar från verksamheten.	C1
Den rättsdogmatiska analysen förutsätter en systematisk avgränsning av normhierarkins materiella konsekvenser.	C2
Implementeringsregimens legitimitet problematiseras genom dess asymmetriska fördelning av ansvar och resurser.	C2
Utredningen aktualiserar en principiell konflikt mellan rättssäker individualisering och administrativ standardisering.	C2
Indikatorstyrningens epistemiska begränsningar blir särskilt tydliga när kvalitativa värden operationaliseras kvantitativt.	C2
Den föreslagna konstruktionen förutsätter långtgående interoperabilitet mellan tekniska system och institutionella beslutslogiker.	C2
Analysen visar hur policyöverföring kan förvanska ursprungliga mål genom lokala översättningsprocesser.	C2
Regleringens proportionalitet bör prövas mot bakgrund av alternativa styrmedels förväntade bieffekter.	C2
Rapporten problematiserar förhållandet mellan delegerad normgivningskompetens och demokratisk ansvarsutkrävning.	C2
Den metodologiska ansatsen begränsar möjligheten att isolera kausala mekanismer bakom observerade utfall.	C2
Institutionell fragmentering riskerar att underminera reformens koherens och skapa motstridiga handlingsincitament.	C2
Författningsförslagets tillämpningsområde kräver precisering för att undvika extensiva och oförutsebara tolkningar.	C2
Analysen identifierar en spänning mellan datadriven effektivisering och förvaltningens krav på materiell rättvisa.	C2
Systemarkitekturens bristande semantiska kompatibilitet kan försvåra rättssäker informationsöverföring mellan myndigheter.	C2
Utvärderingens interna validitet påverkas av bortfall, selektionseffekter och samtidig organisatorisk omstrukturering.	C2
Den föreslagna ansvarsförskjutningen implicerar en normativ omvärdering av relationen mellan stat och kommun.	C2
Rättstillämpningens förutsebarhet förutsätter att centrala rekvisit definieras med större begreppslig stringens.	C2
Rapporten visar hur kontrafaktiska antaganden formar bedömningen av reformens samhällsekonomiska effektivitet.	C2
En strikt målstyrningslogik kan reducera komplexa professionella bedömningar till förenklade prestationsmått.	C2
Förslaget kräver en analys av hur övergångsbestämmelser påverkar redan etablerade rättsförhållanden.	C2
Den empiriska grunden ger otillräckligt stöd för generaliserbara slutsatser om långsiktiga systemeffekter.	C2
Styrmodellens koherens beror på hur väl vertikala och horisontella ansvarskedjor samordnas.	C2
Rapporten aktualiserar frågan om hur rättsliga principer kan operationaliseras i digitala beslutsmiljöer.	C2
Analysen visar att organisatorisk resiliens förutsätter redundans, lärandestrukturer och adaptiv styrkapacitet.	C2
Den föreslagna regleringen kan skapa betydande transaktionskostnader genom ökade krav på dokumentation.	C2
Normgivningens legitimitet påverkas av graden av insyn i beredningsprocessens kunskapsunderlag.	C2
Utredningen problematiserar hur tekniska klassificeringssystem reproducerar normativa antaganden om målgruppen.	C2
En hållbar implementering förutsätter att styrsignalerna är förenliga med professionella kunskapspraktiker.	C2
Rapporten visar att rättslig harmonisering inte automatiskt leder till organisatorisk likformighet.	C2
Analysen kräver en distinktion mellan formell regelefterlevnad och faktisk måluppfyllelse.	C2
Den samhällsekonomiska kalkylen bygger på antaganden vars osäkerhet bör redovisas mer explicit.	C2
Förslaget kan leda till institutionell ansvarsdiffusion om beslutsmandaten inte kodifieras tydligare.	C2
Utvärderingen bör kompletteras med longitudinella data för att kunna bedöma varaktiga effekter.	C2
Rättssäkerhetsargumentet förstärks när automatiserade beslut påverkar individers tillgång till grundläggande service.	C2
Analysen visar hur administrativa kategorier både synliggör och osynliggör sociala behov.	C2
Den föreslagna modellen förutsätter en avancerad riskbaserad prioritering av tillsynsresurser.	C2
Rapporten diskuterar hur styrning genom jämförelsetal kan påverka professionella normer och prioriteringar.	C2
Regelverkets systematik måste analyseras i relation till överordnade konstitutionella principer.	C2
Den empiriska operationaliseringen av begreppet kvalitet riskerar att reducera flerdimensionella fenomen.	C2
Förslaget kräver en mer precis konsekvensbedömning av hur informationsasymmetrier påverkar målgruppen.	C2
Analysen problematiserar antagandet att ökad dokumentation automatiskt leder till förbättrad ansvarighet.	C2
Institutionella trögheter kan begränsa reformens genomslag trots formellt tydliga implementeringskrav.	C2
Rapporten visar hur målkonflikter mellan effektivitet och likvärdighet förstärks av resursknapphet.	C2
Den rättsliga konstruktionen bör prövas mot principerna om legalitet, objektivitet och proportionalitet.	C2
Utvärderingsdesignen behöver hantera risken för att indikatorerna påverkar det beteende de avser mäta.	C2
Förslaget aktualiserar frågor om ansvar vid felaktiga beslut i automatiserade ärendeflöden.	C2
Analysen belyser hur flernivåstyrning kan försvåra entydigt ansvarsutkrävande i komplexa välfärdssystem.	C2
Den föreslagna datainfrastrukturen kräver robusta mekanismer för spårbarhet, åtkomstkontroll och ändamålsbegränsning.	C2
Rapportens argumentation bygger på en syntes av rättsliga, ekonomiska och organisatoriska perspektiv.	C2
En alltför instrumentell styrningsmodell riskerar att undergräva professionell autonomi och situationsanpassat omdöme.	C2
Förslaget bör analyseras i relation till EU-rättens krav på proportionalitet och icke-diskriminering.	C2
Utredningen visar att implementeringsansvaret förskjuts nedåt utan att resursfördelningen förändras proportionerligt.	C2
Analysen indikerar att begreppslig precision är avgörande för rättstillämpningens likformighet.	C2
Den föreslagna reformen förutsätter en samordnad styrning av både tekniska standarder och organisatoriska processer.	C2
Rapporten diskuterar hur evidensbaserade styrideal möter osäkerhet i praktisk förvaltningsverksamhet.	C2
Rättslig interoperabilitet kräver att informationsmodeller harmoniseras med gällande sekretess- och dataskyddsregler.	C2
Den metodologiska trianguleringen stärker analysen men eliminerar inte problemet med kontextberoende tolkningar.	C2
Förslaget riskerar att skapa nya ojämlikheter om digitalt utanförskap inte hanteras explicit.	C2
Analysen visar att styrmedlets effektivitet beror på aktörernas tolkningsutrymme och faktiska kapacitet.	C2
Rapporten understryker behovet av transparenta avvägningar när automatisering införs i myndighetsutövning.	C2
Den normativa grunden för reformen bör tydliggöras innan dess institutionella konsekvenser bedöms.	C2
Utvärderingen måste särskilja mellan implementeringsfel och brister i den underliggande teorin om förändring.	C2
Författningsregleringen bör kompletteras med vägledning som minskar risken för divergerande lokal praxis.	C2
Analysen visar att samverkanskrav kan skapa oklara ansvarsförhållanden när mandatstrukturerna överlappar.	C2
Den föreslagna styrningen förutsätter att kvalitativa bedömningar integreras utan att reduceras till formaliserade checklistor.	C2
Rapporten problematiserar hur organisatoriska mätregimer kan omforma vad som uppfattas som relevant kunskap.	C2
Ett robust beslutsunderlag kräver explicit redovisning av antaganden, osäkerheter och alternativa tolkningsramar.	C2
Analysen synliggör hur juridiska, tekniska och organisatoriska krav samproducerar förvaltningens handlingsutrymme.	C2
Den föreslagna reformens legitimitet beror på om berörda aktörer upplever processen som begriplig och påverkbar.	C2
Rättstillämpningens stabilitet kräver att praxisutvecklingen följs upp och återkopplas till normgivningsprocessen.	C2
Rapporten visar hur komplexa styrsystem kräver både formell kontroll och kontinuerligt institutionellt lärande.	C2
Studiecirkeln hjälper deltagarna att prata mer svenska i vardagen.	B1
Kommunens uppföljning visar att insatserna behöver anpassas efter lokala behov.	B2
Rapporten beskriver hur förändrade arbetsformer påverkar både personal och brukare.	B2
Projektet kräver en tydlig tidsplan för att deltagarna ska kunna samordna arbetet.	B2
Forskare jämför resultaten med tidigare studier för att bedöma om mönstret är stabilt.	B2
Beslutet innebär att kommunen måste prioritera mellan flera angelägna verksamhetsmål.	B2
Organisationen vill utveckla ett mer systematiskt arbetssätt för intern kvalitetskontroll.	B2
Utredningen visar att informationen behöver göras mer tillgänglig för olika målgrupper.	B2
Flera deltagare upplever att stödet fungerar bättre när ansvaret är tydligt fördelat.	B2
Rapporten lyfter fram behovet av långsiktig planering och återkommande utvärdering.	B2
Kommunen behöver analysera hur förändringen påverkar både servicegrad och ekonomisk hållbarhet.	B2
Utredningen belyser hur resursfördelningen påverkar verksamheternas möjlighet att uppfylla nationella mål.	C1
Rapporten analyserar hur styrsignaler tolkas olika beroende på organisatorisk kontext.	C1
Förslaget förutsätter att ansvariga aktörer utvecklar gemensamma rutiner för kunskapsåterföring.	C1
Myndigheten konstaterar att uppföljningen behöver omfatta både resultat och genomförandeprocesser.	C1
Analysen visar att reformens effekter påverkas av lokala prioriteringar och professionella normer.	C1
Beslutsunderlaget bör kompletteras med en tydligare redovisning av metodvalens konsekvenser.	C1
Organisationen behöver skapa strukturer som möjliggör lärande mellan olika verksamhetsnivåer.	C1
Rapporten diskuterar hur ekonomiska begränsningar påverkar möjligheten till likvärdig implementering.	C1
Utredningen identifierar behov av mer samordnade indikatorer för att följa reformens utveckling.	C1
Myndigheten bedömer att den föreslagna modellen kräver omfattande kompetensutveckling.	C1
Analysen visar att hållbar förändring förutsätter kontinuitet i ledning och uppföljning.	C1
